{
  "map50": 0.7233563862607981,
  "map": 0.5117498762456709,
  "precisao": 0.8121255126335208,
  "revocacao": 0.7860025683457207
}