{
  "map50": 0.7809962049335862,
  "map": 0.5361024477859918,
  "precisao": 0.8685866497949415,
  "revocacao": 0.8181818181818182
}
