{
  "map50": 0.7093387331966279,
  "map": 0.5298887133842511,
  "precisao": 0.7103360703275317,
  "revocacao": 0.8174449445744062
}
