{
  "map50": 0.7538672711189738,
  "map": 0.5117501166919858,
  "precisao": 0.8067311483757615,
  "revocacao": 0.696969696969697
}